,mass,radius,density
0,0.1,0.5109950062995436,4.130598077285973
1,0.10990990990990991,0.5262874427619213,4.15557126836645
2,0.11981981981981983,0.5405210731841319,4.181707749618794
3,0.12972972972972974,0.5538139251776482,4.209308975157027
4,0.13963963963963966,0.5661741076222878,4.240544384696092
5,0.14954954954954958,0.5778501352891884,4.271715867543192
6,0.15945945945945947,0.5889241907982051,4.302640021356285
7,0.1693693693693694,0.5994562853917385,4.33336451294761
8,0.17927927927927928,0.6095282308048294,4.363264381547346
9,0.1891891891891892,0.619186518320157,4.39232783082249
10,0.19909909909909912,0.6284773765889637,4.420417145008125
11,0.20900900900900904,0.6374360102307715,4.447522258783627
12,0.21891891891891893,0.646090519856856,4.473692149480735
13,0.22882882882882885,0.6544667524336396,4.498947009133452
14,0.23873873873873877,0.6625855853411072,4.5233464388891935
15,0.24864864864864866,0.6704663608096156,4.54692751560571
16,0.2585585585585586,0.6781244017179793,4.569763320199893
17,0.2684684684684685,0.6855762076321786,4.591863609188307
18,0.2783783783783784,0.6928336846172269,4.613297098280103
19,0.28828828828828834,0.699908064897115,4.634116126879279
20,0.29819819819819826,0.7068114949598707,4.654329332076491
21,0.3081081081081081,0.71355247061829,4.673995514604731
22,0.31801801801801804,0.7201398200941147,4.6931469788378415
23,0.32792792792792796,0.7265826383383117,4.71179365315759
24,0.33783783783783783,0.7328881132116023,4.72996755661786
25,0.34774774774774775,0.7390626164140442,4.7477028231080975
26,0.35765765765765767,0.74511142894644,4.765042295046913
27,0.3675675675675676,0.7510423743150801,4.781969130417316
28,0.3774774774774775,0.75686022561428,4.798515501841669
29,0.3873873873873874,0.7625697974297612,4.8147038820065555
30,0.39729729729729735,0.7681776166138781,4.830516523576445
31,0.40720720720720727,0.773686163563101,4.846005160842351
32,0.4171171171171172,0.7791011053366076,4.86115486970904
33,0.4270270270270271,0.7844229495414458,4.8760415308965275
34,0.436936936936937,0.7896612539345583,4.890566616230137
35,0.44684684684684695,0.7948160795720788,4.904804150751736
36,0.45675675675675675,0.7998908237832384,4.91876125154462
37,0.4666666666666667,0.8048880215887206,4.93245685210185
38,0.4765765765765766,0.8098104498864559,4.945901579017832
39,0.4864864864864865,0.8146611138001266,4.9590984219332475
40,0.49639639639639643,0.8194431698490142,4.972044507209335
41,0.5063063063063064,0.8241564989488518,4.98479359759861
42,0.5162162162162163,0.828806308641374,4.997299808571842
43,0.5261261261261262,0.8333921508675385,5.00961738507124
44,0.5360360360360361,0.8379181974318052,5.021714599163423
45,0.545945945945946,0.8423845374878037,5.033631195745345
46,0.555855855855856,0.846793760654798,5.0453598129306005
47,0.5657657657657659,0.8511466777071773,5.056923067586944
48,0.5756756756756757,0.855444793528626,5.0683292948520995
49,0.5855855855855856,0.8596876673756644,5.079619650175577
50,0.5954954954954955,0.8638781081934135,5.090775925273005
51,0.6054054054054054,0.8680182742283318,5.10179020514721
52,0.6153153153153154,0.8721080721913891,5.112692963899619
53,0.6252252252252253,0.8761502550353087,5.12346322287734
54,0.6351351351351352,0.8801455964727913,5.134113712754438
55,0.6450450450450451,0.8840941369962628,5.144668768610436
56,0.654954954954955,0.8879984667983913,5.155107081546307
57,0.664864864864865,0.8918593841914909,5.165437731710255
58,0.6747747747747748,0.8956778805439143,5.175665473491129
59,0.6846846846846847,0.8994563949025398,5.185769134581726
60,0.6945945945945946,0.9031950461003473,5.195766975589733
61,0.7045045045045045,0.9068928294762937,5.205695686551237
62,0.7144144144144144,0.9105522813594664,5.21553008196919
63,0.7243243243243244,0.9141756369228822,5.225249681884725
64,0.7342342342342343,0.917761586061331,5.234894202187293
65,0.7441441441441442,0.921311557783281,5.244455647827592
66,0.7540540540540541,0.9248267334386712,5.253929734801355
67,0.763963963963964,0.9283085034910256,5.263308109253508
68,0.773873873873874,0.9317569968502739,5.27260337812589
69,0.7837837837837839,0.9351726238136255,5.281822787405514
70,0.7936936936936938,0.9385554767363595,5.290978434460095
71,0.8036036036036036,0.9418915714736213,5.300319510954501
72,0.8135135135135135,0.9451959246936067,5.30960430461434
73,0.8234234234234235,0.94847151522828,5.318794926763271
74,0.8333333333333334,0.9517164295902002,5.3279355239699075
75,0.8432432432432433,0.9549335256670874,5.336989572408602
76,0.8531531531531532,0.9581229821458748,5.345965283479853
77,0.8630630630630631,0.9612834432666546,5.354896116392811
78,0.872972972972973,0.9644165430068193,5.363765106361826
79,0.882882882882883,0.9675218209494837,5.372589977475466
80,0.8927927927927929,0.9706075758736866,5.381242356389391
81,0.9027027027027028,0.9736615846775738,5.389935186884271
82,0.9126126126126127,0.9766945352708994,5.398499926241117
83,0.9225225225225226,0.9796979708779425,5.407085771796402
84,0.9324324324324325,0.9826837665841703,5.415504639061796
85,0.9423423423423424,0.9856417766421985,5.423932843814501
86,0.9522522522522523,0.9885768070366509,5.432298965840078
87,0.9621621621621622,0.9914909306973839,5.440576765111381
88,0.9720720720720721,0.994382620264127,5.4487991191240885
89,0.981981981981982,0.9972495134907692,5.45701222117148
90,0.991891891891892,1.0000968775708625,5.465136740571801
91,1.001801801801802,1.00292448001336,5.47318362717028
92,1.0117117117117118,1.005727010476414,5.4812466097673935
93,1.0216216216216218,1.0085121390978211,5.489206794952473
94,1.0315315315315317,1.011277067917933,5.49711644975976
95,1.0414414414414417,1.0140212210602229,5.504991216129176
96,1.0513513513513515,1.0167453696396624,5.5128245896553905
97,1.0612612612612613,1.0194497286020812,5.520618983558241
98,1.0711711711711713,1.0221379017583512,5.528321666446776
99,1.0810810810810811,1.0248071379252517,5.5359830130461
100,1.0909909909909912,1.027453622113137,5.543670235066119
101,1.1009009009009012,1.030086224008577,5.551245017093769
102,1.110810810810811,1.0326989697253013,5.558809270865392
103,1.1207207207207208,1.035296445989839,5.566293968889335
104,1.1306306306306309,1.0378738220820776,5.57378201003336
105,1.1405405405405407,1.04043532945475,5.5812099640689725
106,1.1504504504504507,1.0429773567154894,5.588640650399632
107,1.1603603603603605,1.0455058917972913,5.595982364029842
108,1.1702702702702705,1.0480157970461428,5.603322151257134
109,1.1801801801801803,1.0505128606437937,5.610571520624959
110,1.1900900900900904,1.0529900205066938,5.617847936845096
111,1.2000000000000002,1.0554509354513233,5.625096861422681
112,1.2099099099099102,1.0578978695449905,5.632286172437698
113,1.21981981981982,1.0603290207088572,5.639448670533737
114,1.22972972972973,1.0627459823525596,5.646562813945605
115,1.2396396396396399,1.065149141686737,5.653626272209712
116,1.2495495495495497,1.067538648839056,5.66064041471603
117,1.2594594594594597,1.0699084118482853,5.667705725765663
118,1.2693693693693695,1.0722699342040423,5.674642867422507
119,1.2792792792792795,1.0746155781146576,5.68157672907462
120,1.2891891891891893,1.0769451498253169,5.688513688280906
121,1.2990990990990994,1.0792625150828992,5.695395764343429
122,1.3090090090090092,1.081566042661656,5.702252070573385
123,1.3189189189189192,1.0838586087995745,5.709040319641183
124,1.328828828828829,1.0861336109795192,5.715867962761246
125,1.338738738738739,1.0883973492199435,5.722638483241023
126,1.3486486486486489,1.0906500412452165,5.729351505395864
127,1.358558558558559,1.0928880691747096,5.736066989556135
128,1.3684684684684687,1.0951149357311867,5.7427326086710435
129,1.3783783783783785,1.097325144583312,5.749437613238318
130,1.3882882882882885,1.099528092566762,5.756036997843309
131,1.3981981981981983,1.1017206090882998,5.762583403317189
132,1.4081081081081084,1.1038936650000986,5.769221093539147
133,1.4180180180180182,1.1060580195296523,5.775783807947197
134,1.4279279279279282,1.1082145328809851,5.782260734434714
135,1.437837837837838,1.1103548231192928,5.788785597670417
136,1.447747747747748,1.1124857620329494,5.795253263901345
137,1.4576576576576579,1.1146057343487354,5.8016914206965895
138,1.467567567567568,1.1167112407779036,5.8081570213756715
139,1.4774774774774777,1.1188111639700549,5.814513751254312
140,1.4873873873873877,1.1209024740963307,5.8208112638662515
141,1.4972972972972975,1.1229767348049768,5.827183180545191
142,1.5072072072072074,1.1250397448427258,5.8335412472889665
143,1.5171171171171174,1.1270972250658584,5.8397986495373315
144,1.5270270270270272,1.129142492709555,5.846061451063065
145,1.5369369369369372,1.1311786348511137,5.8522837281480475
146,1.546846846846847,1.1332029151833238,5.8585099750713505
147,1.556756756756757,1.135216533191388,5.864723524524948
148,1.5666666666666669,1.137222198785078,5.870884331545874
149,1.576576576576577,1.1392201461235196,5.8769907482017745
150,1.5864864864864867,1.1412067190566628,5.883101263979893
151,1.5963963963963967,1.143181216698338,5.8892285003563005
152,1.6063063063063066,1.1451461594146308,5.8953352654911475
153,1.6162162162162166,1.1471057537292981,5.9013584161878585
154,1.6261261261261264,1.1490556275952446,5.9073672612478605
155,1.6360360360360362,1.1509937075088945,5.913395465538316
156,1.6459459459459462,1.1529252145418296,5.919364221376604
157,1.655855855855856,1.1548459598923138,5.925339744547238
158,1.665765765765766,1.1567576471389172,5.931297410976148
159,1.6756756756756759,1.1586603754443294,5.937237299267903
160,1.685585585585586,1.160551726820045,5.943198133575254
161,1.6954954954954957,1.1624390964538907,5.94906785132736
162,1.7054054054054057,1.164317349998015,5.95492689663553
163,1.7153153153153156,1.1661861075207134,5.960782583035009
164,1.7252252252252256,1.1680454850418043,5.966634583094148
165,1.7351351351351354,1.1698980522736329,5.972444969060614
166,1.7450450450450454,1.1717437600299003,5.978215968293567
167,1.7549549549549552,1.173581123550888,5.983971740245367
168,1.764864864864865,1.1754091693521926,5.989728548637233
169,1.774774774774775,1.1772283240955017,5.99548120603541
170,1.7846846846846849,1.1790403440742536,6.001204214386342
171,1.794594594594595,1.1808371137686429,6.007022769160838
172,1.8045045045045047,1.1826340715371377,6.012702507613973
173,1.8144144144144148,1.18442398291903,6.018355200768545
174,1.8243243243243246,1.1862064390764924,6.023988356989439
175,1.8342342342342346,1.1879817186906314,6.029598980731257
176,1.8441441441441444,1.189748298539739,6.035211486584559
177,1.8540540540540544,1.1915086993598087,6.040788710500027
178,1.8639639639639642,1.1932605281149113,6.0463682488483546
179,1.8738738738738743,1.195003829368489,6.051950564638915
180,1.883783783783784,1.1967451205288802,6.057437814358734
181,1.893693693693694,1.1984754433944385,6.062967217602289
182,1.903603603603604,1.200198305485992,6.0684865964584915
183,1.9135135135135137,1.2019158354185944,6.073964773824745
184,1.9234234234234238,1.20362493709834,6.079449791623302
185,1.9333333333333336,1.2053292392217223,6.084887730042718
186,1.9432432432432436,1.2070245252113962,6.090343521455349
187,1.9531531531531534,1.2087121122102535,6.095798228665621
188,1.9630630630630634,1.2103933316115385,6.101232723735657
189,1.9729729729729732,1.212067982317185,6.106651066132599
190,1.9828828828828833,1.2137380128722437,6.112024818697489
191,1.992792792792793,1.2154018325103635,6.117379029479884
192,2.002702702702703,1.2170566717946723,6.122756472823751
193,2.012612612612613,1.2187047666028457,6.128124322388585
194,2.0225225225225225,1.220347087506505,6.133468880806018
195,2.0324324324324325,1.2219856946205991,6.138760044043011
196,2.0423423423423426,1.2236162885188717,6.144063550969999
197,2.0522522522522526,1.225237197960563,6.149405433471956
198,2.062162162162162,1.2268538144176289,6.154705371886292
199,2.0720720720720722,1.2284666297798348,6.159956886782056
200,2.0819819819819823,1.2300772789474057,6.1651363131365615
201,2.0918918918918923,1.231679280929957,6.170341992923247
202,2.1018018018018023,1.2332720908237764,6.175582903683027
203,2.111711711711712,1.2348545494930956,6.180877222039326
204,2.121621621621622,1.2364339801550612,6.186115768654258
205,2.131531531531532,1.2380105083827253,6.191297528776824
206,2.1414414414414416,1.2395840023733582,6.196425339400622
207,2.1513513513513516,1.2411487529084992,6.201585627340937
208,2.1612612612612616,1.242710459089295,6.206693723954689
209,2.1711711711711716,1.2442646536640496,6.211817358672262
210,2.1810810810810812,1.2458113307092806,6.216957346901448
211,2.1909909909909913,1.2473537534304393,6.222065572944672
212,2.2009009009009013,1.2488943910267825,6.227105869273567
213,2.2108108108108113,1.2504262353749391,6.232183825558775
214,2.220720720720721,1.2519517509212361,6.2372632712687635
215,2.230630630630631,1.2534707248146963,6.24234808588581
216,2.240540540540541,1.254983934887989,6.247427339531092
217,2.250450450450451,1.256495097881591,6.252446238312732
218,2.2603603603603606,1.2580053428438822,6.257388682129292
219,2.2702702702702706,1.2595109600163998,6.262310765865509
220,2.2801801801801806,1.2610055255836499,6.267308952168792
221,2.2900900900900902,1.2624936539140437,6.272315028025794
222,2.3000000000000003,1.2639750417616644,6.277334146271248
223,2.3099099099099103,1.2654513514847732,6.282342170365829
224,2.3198198198198203,1.266926635201929,6.287279413715599
225,2.32972972972973,1.2683989090660044,6.292176101242078
226,2.33963963963964,1.2698649403515478,6.297080983881337
227,2.34954954954955,1.271326426949857,6.301969408799906
228,2.35945945945946,1.2727816693781646,6.306867256797896
229,2.3693693693693696,1.2742322902941887,6.31175099652497
230,2.3792792792792796,1.2756770685800733,6.3166393679025905
231,2.3891891891891897,1.2771187062885136,6.321492820378188
232,2.3990990990990992,1.2785555647206903,6.32633628825636
233,2.4090090090090093,1.279987912999608,6.331166353783295
234,2.4189189189189193,1.2814133751527503,6.336018834023198
235,2.4288288288288293,1.282833674833444,6.340868698874592
236,2.438738738738739,1.2842498124678638,6.345701667639348
237,2.448648648648649,1.2856592922437073,6.350555282133868
238,2.458558558558559,1.287070629633164,6.3553039114939205
239,2.468468468468469,1.2884768282469976,6.360051796631212
240,2.4783783783783786,1.289879068762209,6.364781982054017
241,2.4882882882882886,1.2912764989801848,6.369507612676088
242,2.4981981981981987,1.2926681361361185,6.3742437414516155
243,2.5081081081081087,1.2940520684855488,6.379019134301206
244,2.5180180180180183,1.2954318002688157,6.383782447156372
245,2.5279279279279283,1.2968085606361537,6.3885160202948645
246,2.5378378378378383,1.2981809859910323,6.393240517234351
247,2.547747747747748,1.2995496854516269,6.397947433663727
248,2.557657657657658,1.300914326386759,6.402642175770133
249,2.567567567567568,1.302274466477937,6.407331756841802
250,2.577477477477478,1.3036314974407621,6.411996113934948
251,2.5873873873873876,1.3049844293350463,6.416650336271478
252,2.5972972972972976,1.3063267207407672,6.421391355434829
253,2.6072072072072077,1.3076733732024044,6.425998389334027
254,2.6171171171171177,1.3090162766871645,6.430591532740456
255,2.6270270270270273,1.3103531652689715,6.435204625907248
256,2.6369369369369373,1.3116839509241094,6.439839386049291
257,2.6468468468468473,1.313017870799575,6.4443602175798445
258,2.656756756756757,1.31433185482951,6.4491072426427065
259,2.666666666666667,1.3156495933091157,6.4537320688354995
260,2.676576576576577,1.3169638697315103,6.458341389513762
261,2.686486486486487,1.318275975349399,6.462916643750579
262,2.6963963963963966,1.3195963395306007,6.467304929015243
263,2.7063063063063066,1.3208962212154205,6.471929277401257
264,2.7162162162162167,1.3221989518897503,6.476447041249774
265,2.7261261261261267,1.323497005843866,6.480969268052988
266,2.7360360360360363,1.3247908876562877,6.485488939533168
267,2.7459459459459463,1.3260874038616866,6.48990651481363
268,2.7558558558558564,1.3273639925913472,6.494553634280801
269,2.765765765765766,1.3286459083259023,6.4990599038761685
270,2.775675675675676,1.3299251515826187,6.503543173742054
271,2.785585585585586,1.3312013898295372,6.508008716469025
272,2.795495495495496,1.332473983838251,6.512466292137471
273,2.8054054054054056,1.333742319114324,6.516925284077937
274,2.8153153153153156,1.3350059799958183,6.521392148317982
275,2.8252252252252257,1.3362750199242266,6.5257199503960415
276,2.8351351351351357,1.3375220945391861,6.530309668773879
277,2.8450450450450453,1.3387744484451476,6.53476250832947
278,2.8549549549549553,1.3400240046932221,6.539197168405945
279,2.8648648648648654,1.3412705197294132,6.5436175761114646
280,2.8747747747747754,1.342516741198277,6.54798388327719
281,2.884684684684685,1.3437601313178058,6.552333597214655
282,2.894594594594595,1.3449995512081603,6.556683724647124
283,2.904504504504505,1.3462350403243382,6.561034023362523
284,2.9144144144144146,1.3474665656435976,6.565385307819715
285,2.9243243243243247,1.3486931646297564,6.569751972224751
286,2.9342342342342347,1.3499255592855979,6.5739776841347695
287,2.9441441441441447,1.351129782412449,6.578559006475677
288,2.9540540540540543,1.352341318339237,6.582977830320644
289,2.9639639639639643,1.3535631192192694,6.587191482262168
290,2.9738738738738744,1.3547613574972528,6.591694184072443
291,2.9837837837837844,1.3559700244320705,6.595990007004161
292,2.993693693693694,1.3571770159429661,6.6002559996160635
293,3.003603603603604,1.3583800556771148,6.604525691904995
294,3.013513513513514,1.3595788179718293,6.608804132653667
295,3.0234234234234236,1.3607755592770931,6.613058717882483
296,3.0333333333333337,1.36196773299521,6.617326880362768
297,3.0432432432432437,1.3631547594412405,6.621617352699737
298,3.0531531531531537,1.3643388576658424,6.625898081511183
299,3.0630630630630633,1.365517256942934,6.630209721937607
300,3.0729729729729733,1.3666959242308172,6.634465642932732
301,3.0828828828828834,1.3678736013115032,6.638684485058665
302,3.0927927927927934,1.3690467361586915,6.642918260180051
303,3.102702702702703,1.3702160849867884,6.647156231949374
304,3.112612612612613,1.3713838411088042,6.651366760819568
305,3.122522522522523,1.372546534118891,6.655600623569184
306,3.132432432432433,1.3737051399258546,6.659843883498585
307,3.1423423423423427,1.3748627302910026,6.664052137223772
308,3.1522522522522527,1.3760165518096572,6.668265703385648
309,3.1621621621621627,1.3771659596350843,6.672494216641342
310,3.1720720720720723,1.3783141720009333,6.676691162253482
311,3.1819819819819823,1.3794608428137962,6.680861848441218
312,3.1918918918918924,1.3806050162026104,6.685020434716255
313,3.2018018018018024,1.3817464401208746,6.689170844839837
314,3.211711711711712,1.3828859646088587,6.693300994528561
315,3.221621621621622,1.384021472685693,6.69744188047584
316,3.231531531531532,1.385154497543243,6.701571491981313
317,3.241441441441442,1.3862866620766097,6.705666532398745
318,3.2513513513513517,1.3874128022528105,6.709802190196749
319,3.2612612612612617,1.3885362534212553,6.7139303026252435
320,3.2711711711711717,1.389659054370684,6.7180215467449065
321,3.2810810810810813,1.3907742480507526,6.7221770611352305
322,3.2909909909909913,1.3918854421452427,6.726344744615863
323,3.3009009009009014,1.3929974151286348,6.730455562185272
324,3.3108108108108114,1.394108434119425,6.734534892139434
325,3.320720720720721,1.3952154474790743,6.738627199969274
326,3.330630630630631,1.3963208657704458,6.742697786526628
327,3.340540540540541,1.3974251582153536,6.746740095229199
328,3.350450450450451,1.398524121631361,6.750815234795801
329,3.3603603603603607,1.399620795086281,6.754879409223415
330,3.3702702702702707,1.400716717848915,6.758910563963452
331,3.3801801801801807,1.401809777659268,6.762939508663834
332,3.3900900900900908,1.4028983022538035,6.766990661553416
333,3.4000000000000004,1.4039845829767137,6.77103107576862
334,3.4099099099099104,1.4050688821431898,6.775057177316279
335,3.4198198198198204,1.406147643093958,6.779120627223761
336,3.42972972972973,1.4072273488232208,6.783127869365767
337,3.43963963963964,1.4083051387756556,6.787120501071794
338,3.44954954954955,1.409381946312936,6.791085245840077
339,3.45945945945946,1.4104543158646874,6.795072267794459
340,3.4693693693693697,1.4115241535831684,6.799054215183088
341,3.4792792792792797,1.4125936678796538,6.802999386728536
342,3.4891891891891897,1.4136578811798923,6.806979906116881
343,3.4990990990990998,1.4147163123512543,6.811002904585606
344,3.5090090090090094,1.4157730689234787,6.815009244055493
345,3.5189189189189194,1.4168307945038852,6.818960959766541
346,3.5288288288288294,1.4178830001207055,6.822951949674588
347,3.538738738738739,1.4189337780149398,6.82692332191677
348,3.548648648648649,1.4199805058066564,6.830913123593443
349,3.558558558558559,1.4210286496762252,6.834842663324318
350,3.568468468468469,1.4220739953229171,6.838772959392329
351,3.5783783783783787,1.423117029186464,6.842697182594492
352,3.5882882882882887,1.424158315734287,6.846607381335246
353,3.5981981981981987,1.4251987815811922,6.8504903855047035
354,3.608108108108109,1.4262345346438883,6.854402507000251
355,3.6180180180180184,1.4272683307765401,6.858304187138842
356,3.6279279279279284,1.4283011562516086,6.862181396232072
357,3.6378378378378384,1.4293327234427806,6.866038470304761
358,3.6477477477477485,1.430359576791078,6.869925387263043
359,3.657657657657658,1.4313832596228055,6.873820076129457
360,3.667567567567568,1.4324059941049714,6.877690699807555
361,3.677477477477478,1.4334276223082592,6.881539717983436
362,3.6873873873873877,1.434443571913618,6.8854331554062815
363,3.6972972972972977,1.4354556530417153,6.889345102275402
364,3.7072072072072078,1.4364680396365994,6.8932156325123115
365,3.717117117117118,1.4374810293137654,6.897040649303725
366,3.7270270270270274,1.4384888629443502,6.900903225567355
367,3.7369369369369374,1.4394924055135847,6.9047910650282915
368,3.7468468468468474,1.4404947885893025,6.908659265791987
369,3.7567567567567575,1.441499000376681,6.912465011873311
370,3.766666666666667,1.4424985917015754,6.91630125772001
371,3.776576576576577,1.4434964298708508,6.9201269148560245
372,3.786486486486487,1.4444923087918227,6.923945112081558
373,3.7963963963963967,1.4454900271449573,6.927701394782773
374,3.8063063063063067,1.4464818354935645,6.93150735277891
375,3.8162162162162168,1.447471415190143,6.9353102070583486
376,3.826126126126127,1.4484587114632412,6.939110902269976
377,3.8360360360360364,1.4494461115467179,6.942875289591408
378,3.8459459459459464,1.4504211387952293,6.946782805367932
379,3.8558558558558564,1.4513998520801794,6.950602838113669
380,3.8657657657657665,1.452377815208515,6.9543992974881945
381,3.875675675675676,1.4533647134762857,6.958033235455635
382,3.885585585585586,1.4543336097624369,6.961891706907205
383,3.895495495495496,1.455306461898291,6.965659479971505
384,3.9054054054054057,1.456277339912301,6.969421874920493
385,3.9153153153153157,1.457246129791074,6.973180677128249
386,3.9252252252252258,1.4582261949298405,6.976744222355275
387,3.935135135135136,1.4591820423313262,6.980622111769024
388,3.9450450450450454,1.460144778172567,6.98436800247086
389,3.9549549549549554,1.4611054053129129,6.98811117759369
390,3.9648648648648654,1.4620753010033312,6.9916885581377475
391,3.9747747747747755,1.4630349917077285,6.995379685230039
392,3.984684684684685,1.4639797178730227,6.9992529200355245
393,3.994594594594595,1.4649319938877987,7.002985457357169
394,4.004504504504505,1.4658803902442816,7.006741377135175
395,4.014414414414415,1.4668424344695792,7.010269502234689
396,4.024324324324325,1.467780934039971,7.014103242066152
397,4.034234234234234,1.4687266547540634,7.017801617476605
398,4.044144144144145,1.4696700130444846,7.021502167713847
399,4.054054054054054,1.4706222823939605,7.025043465207566
400,4.063963963963964,1.4715662266047878,7.028672681096443
401,4.0738738738738745,1.4724929402090818,7.0325175075075235
402,4.083783783783784,1.4734279299037962,7.036212595313046
403,4.093693693693694,1.4743611806330374,7.039901583609541
404,4.103603603603604,1.4753048111265337,7.04341102841803
405,4.113513513513514,1.476237837994135,7.047041626556818
406,4.123423423423423,1.4771546832094764,7.050873338315544
407,4.133333333333334,1.4780803666160018,7.054547989585571
408,4.143243243243243,1.4790042824447547,7.05821759435807
409,4.153153153153153,1.4799401779285095,7.061685486278727
410,4.163063063063063,1.4808639761414735,7.0652964802589056
411,4.172972972972973,1.4817721934281352,7.069100508967792
412,4.182882882882883,1.4826899002574006,7.072738865820006
413,4.192792792792793,1.4836054653272142,7.076378155628653
414,4.202702702702703,1.4845331476533008,7.079814488898976
415,4.212612612612613,1.48544958949829,7.083382203905538
416,4.222522522522523,1.4863507796522546,7.087138752585428
417,4.232432432432432,1.4872598441327187,7.090753429162081
418,4.242342342342343,1.4881675452929808,7.094358505213862
419,4.252252252252252,1.4890867192668469,7.097770545960333
420,4.262162162162162,1.4899933184909189,7.101333567851748
421,4.272072072072072,1.4908828855178529,7.105111365927445
422,4.281981981981982,1.4917824464993792,7.108717640450203
423,4.291891891891892,1.4926807735489107,7.112313047772067
424,4.301801801801802,1.4935923469090129,7.115690742220152
425,4.311711711711712,1.4944905467147311,7.119231333576367
426,4.321621621621622,1.4953705818675516,7.123003347543541
427,4.331531531531532,1.4962610696361742,7.126597932543046
428,4.341441441441441,1.497150071324217,7.13018581888058
429,4.351351351351352,1.4980384437286596,7.133754877673953
430,4.361261261261261,1.498940876782626,7.1370953839107525
431,4.371171171171171,1.4998138235322678,7.1408295006178095
432,4.381081081081081,1.5006962011104703,7.144401416140991
433,4.390990990990991,1.5015771236276596,7.147966738542111
434,4.4009009009009015,1.5024563333331613,7.1515292564581525
435,4.410810810810811,1.5033515650923839,7.154835855974409
436,4.420720720720721,1.5042340355813357,7.158297647023155
437,4.430630630630631,1.5050977619201307,7.162000093414433
438,4.440540540540541,1.5059719601211359,7.165526206321492
439,4.45045045045045,1.5068440473025462,7.169055727840425
440,4.460360360360361,1.5077293891695482,7.1723694679605225
441,4.47027027027027,1.5086026607897856,7.17582897873107
442,4.48018018018018,1.5094581637911983,7.1795156285234984
443,4.49009009009009,1.5103237325486087,7.183032330451097
444,4.5,1.511187507008879,7.186548428114406
445,4.5099099099099105,1.512049917233847,7.190057885966535
446,4.51981981981982,1.5129276351149599,7.193322996046423
447,4.52972972972973,1.5137904740957409,7.196774464457765
448,4.53963963963964,1.5146344218268935,7.200469561020116
449,4.54954954954955,1.5154905326715764,7.203965477383421
450,4.559459459459459,1.5163443413619873,7.207468622002846
451,4.56936936936937,1.5171974668836812,7.21095600483704
452,4.579279279279279,1.5180660998866649,7.2141968949532735
453,4.589189189189189,1.5189179332517584,7.217652012076226
454,4.599099099099099,1.5197518219838115,7.221337719304588
455,4.609009009009009,1.5205985768724728,7.224814893081264
456,4.6189189189189195,1.5214438121964673,7.228288706986397
457,4.628828828828829,1.5223069630667527,7.23148227681003
458,4.638738738738739,1.523157876329072,7.234825453996048
459,4.648648648648649,1.5239907585128796,7.238400836162694
460,4.658558558558559,1.5248323989290158,7.241826776290078
461,4.668468468468468,1.5256711164308339,7.245269815479667
462,4.678378378378379,1.5265083315229648,7.248709803634285
463,4.688288288288288,1.5273602429409348,7.251916090722941
464,4.698198198198198,1.528197869130087,7.255301610267798
465,4.708108108108108,1.5290168090439444,7.258929087384732
466,4.718018018018018,1.5298476545617175,7.2623628975171535
467,4.7279279279279285,1.5306778671068726,7.265781719207691
468,4.737837837837838,1.531506647077374,7.269197028184177
469,4.747747747747748,1.5323510132851415,7.272366597913896
470,4.757657657657658,1.5331799228521024,7.275732523905316
471,4.767567567567568,1.5340055705379751,7.279121243799018
472,4.777477477477477,1.5348114443205818,7.282767883738325
473,4.787387387387388,1.535631988342062,7.286182201982233
474,4.797297297297297,1.5364508438176099,7.289597163029096
475,4.807207207207207,1.5372691076144096,7.292997239114723
476,4.817117117117117,1.5381046930129698,7.296127590743324
477,4.827027027027027,1.5389228008376548,7.299483552226648
478,4.8369369369369375,1.539719417659471,7.303122265354564
479,4.846846846846847,1.5405304763018162,7.306532498456485
480,4.856756756756757,1.5413405793007375,7.3099334404358505
481,4.866666666666667,1.5421518399803078,7.313295107719405
482,4.876576576576577,1.5429821606321699,7.316362920278467
483,4.886486486486486,1.5437949188306828,7.3196579550479
484,4.896396396396397,1.5445870437460625,7.323223917245765
485,4.906306306306306,1.5453925541823763,7.326577003038478
486,4.916216216216217,1.546195925416198,7.329938117720579
487,4.926126126126126,1.5469981446782075,7.33329329834238
488,4.936036036036036,1.5478178971188365,7.33637692439517
489,4.9459459459459465,1.5486212972285893,7.339670939894111
490,4.955855855855856,1.549422129130751,7.342979397622178
491,4.965765765765766,1.550200843134,7.34658030854626
492,4.975675675675676,1.5509956684442363,7.349930224811155
493,4.985585585585586,1.5517889992062843,7.353279539259525
494,4.995495495495495,1.5525813514070705,7.356620992321068
495,5.005405405405406,1.5533499681142833,7.360278139757115
496,5.015315315315315,1.5541458321104968,7.3635263435368445
497,5.025225225225226,1.554949209954318,7.366646221550146
498,5.035135135135135,1.5557386876288462,7.36994220550676
499,5.045045045045045,1.556526672594543,7.373238011967105
500,5.0549549549549555,1.557312575576778,7.376542087192348
501,5.064864864864865,1.5580873639736574,7.379982851027097
502,5.074774774774775,1.5588724558666083,7.383256028543052
503,5.084684684684685,1.5596562240032217,7.386526918860011
504,5.094594594594595,1.5604451248689908,7.389703865875931
505,5.104504504504504,1.5612224898641325,7.393023754002841
506,5.114414414414415,1.5619901269755105,7.396460948646651
507,5.124324324324324,1.562768042344388,7.399731315318375
508,5.134234234234235,1.563547096422706,7.402964769704885
509,5.1441441441441444,1.5643270864530738,7.406164267491967
510,5.154054054054054,1.5651056706247686,7.409363143060677
511,5.1639639639639645,1.5658798236871725,7.41260442766601
512,5.173873873873874,1.5666523115944015,7.415848903470548
513,5.183783783783784,1.5674218040529326,7.41911552773713
514,5.193693693693694,1.5681901565679894,7.4223780176595175
515,5.203603603603604,1.5689584931983398,7.425620480950455
516,5.213513513513513,1.569727706240241,7.428830318911699
517,5.223423423423424,1.5704954357996195,7.432041106464381
518,5.233333333333333,1.5712596673478993,7.435281507832952
519,5.243243243243244,1.5720210473173617,7.438542407738413
520,5.2531531531531535,1.5727809075179755,7.441804963838846
521,5.263063063063063,1.5735394632759134,7.445066184577528
522,5.2729729729729735,1.5742971611917527,7.44831979598183
523,5.282882882882883,1.5750567621171463,7.451526678898167
524,5.292792792792793,1.575815137093282,7.454731310992536
525,5.302702702702703,1.576571399439352,7.457946339495205
526,5.312612612612613,1.5773245494825485,7.461186012388258
527,5.322522522522522,1.5780765517407604,7.464422512516844
528,5.332432432432433,1.5788273058279187,7.467657327484384
529,5.342342342342342,1.5795773675940876,7.470882632973296
530,5.352252252252253,1.5803286518131672,7.474071324822967
531,5.3621621621621625,1.5810799296904092,7.47724090370782
532,5.372072072072072,1.5818298660305388,7.480410376138262
533,5.3819819819819825,1.5825761500625768,7.48361258427798
534,5.391891891891892,1.5833194967540243,7.486837442338997
535,5.401801801801802,1.5840616604622761,7.490060122374378
536,5.411711711711712,1.5848053991013737,7.493241565070027
537,5.421621621621622,1.5855512202230522,7.496374636841582
538,5.431531531531531,1.5862973401770113,7.49948470222865
539,5.441441441441442,1.5870438947911383,7.502569897864456
540,5.451351351351351,1.5877890573594193,7.505656192007809
541,5.461261261261262,1.5885303034933327,7.508779440227133
542,5.4711711711711715,1.5892703837675604,7.511900692184926
543,5.481081081081081,1.5900088917779356,7.515025768688175
544,5.4909909909909915,1.5907450952398066,7.5181651096686375
545,5.500900900900901,1.59148126721241,7.521286543403085
546,5.510810810810811,1.5922183232724387,7.524377149342488
547,5.520720720720721,1.5929539800991173,7.527469358401472
548,5.530630630630631,1.593687739769426,7.530570285325853
549,5.540540540540541,1.5944178348954294,7.533705038098782
550,5.550450450450451,1.5951458079445426,7.536851804709565
551,5.56036036036036,1.5958715718805265,7.540011873317673
552,5.570270270270271,1.5965956459857082,7.543177938054331
553,5.5801801801801805,1.5973196690387614,7.546326827101143
554,5.59009009009009,1.5980447089409922,7.549443462550976
555,5.6000000000000005,1.5987686207982355,7.552558300396786
556,5.60990990990991,1.599491531018516,7.555669603995073
557,5.61981981981982,1.6002106308566357,7.5588172303773735
558,5.62972972972973,1.6009288744041186,7.56195936908405
559,5.63963963963964,1.601645924676267,7.565100849546813
560,5.64954954954955,1.6023618805451227,7.5682403244255845
561,5.65945945945946,1.6030777845037365,7.571363076070215
562,5.669369369369369,1.6037958501024323,7.574437796538381
563,5.67927927927928,1.6045128748094675,7.577509917389313
564,5.6891891891891895,1.6052287376499401,7.580581205245863
565,5.699099099099099,1.605912867441223,7.584084822330087
566,5.7090090090090095,1.606622485440389,7.58721013519611
567,5.718918918918919,1.607331143215792,7.590331910973604
568,5.728828828828829,1.6080413140871548,7.593415163266792
569,5.738738738738739,1.6087506443821917,7.5964932893390085
570,5.748648648648649,1.609461697684158,7.599530026564675
571,5.758558558558559,1.6101720858736492,7.602559257854933
572,5.768468468468469,1.6108805887096869,7.605598318270947
573,5.778378378378378,1.6115866763351827,7.6086547615460765
574,5.788288288288289,1.6122896618217266,7.611738364912314
575,5.7981981981981985,1.6129917446397513,7.614818024996867
576,5.808108108108108,1.613678528833058,7.618097675970899
577,5.8180180180180185,1.614378749610769,7.621170396007872
578,5.827927927927928,1.6150930302647517,7.624027426505471
579,5.837837837837838,1.6157931047849055,7.627069119883621
580,5.847747747747748,1.6164921736515199,7.6301085773246315
581,5.857657657657658,1.6171901896051641,7.633146516673083
582,5.867567567567568,1.6178683308656647,7.636449500361896
583,5.877477477477478,1.6185610065280671,7.639530339031794
584,5.887387387387387,1.6192526830045277,7.642609040794236
585,5.897297297297298,1.6199437129740253,7.6456806598128315
586,5.9072072072072075,1.620633702539333,7.6487508211504505
587,5.917117117117117,1.6213431225756822,7.651529743031928
588,5.9270270270270276,1.6220346974916398,7.654545234351535
589,5.936936936936937,1.622724226202182,7.657573650974074
590,5.946846846846847,1.623412663411318,7.660601522984576
591,5.956756756756757,1.6240795264727095,7.663918857968522
592,5.966666666666667,1.624764208239463,7.6669680316666255
593,5.976576576576577,1.6254479329185556,7.6700148954049086
594,5.986486486486487,1.6261306550039056,7.67306013923549
595,5.996396396396396,1.6268126845467317,7.676099419858912
596,6.006306306306307,1.627517389327892,7.678802018385606
597,6.0162162162162165,1.6282008226867992,7.681790043528284
598,6.026126126126126,1.6288832326881286,7.684776926451705
599,6.036036036036037,1.6295647580708932,7.687760748277546
600,6.045945945945946,1.6302435346295876,7.690767937108108
601,6.055855855855857,1.6308965816124663,7.694123776945228
602,6.065765765765766,1.6315722879702659,7.697143466780946
603,6.075675675675676,1.6322481017231107,7.700146231252414
604,6.085585585585586,1.6329245152846557,7.703125146542604
605,6.095495495495496,1.633601274346262,7.706083856955134
606,6.105405405405405,1.634303494770771,7.708666997828993
607,6.115315315315316,1.634980217710768,7.711595735002969
608,6.1252252252252255,1.6356555771215548,7.7145285841835936
609,6.135135135135135,1.6363285102774905,7.717480624066139
610,6.145045045045046,1.6369708813024118,7.7208499943031
611,6.154954954954955,1.637639129959255,7.723838152555182
612,6.164864864864866,1.6383065330773792,7.726823260160262
613,6.174774774774775,1.6389729798583406,7.729806926947704
614,6.184684684684685,1.63963856978313,7.732787787300027
615,6.194594594594595,1.6403338114847597,7.735334257589367
616,6.204504504504505,1.6409993906042624,7.738285548206924
617,6.2144144144144144,1.6416339542295324,7.741660811195342
618,6.224324324324325,1.6422972074634563,7.744615432043192
619,6.2342342342342345,1.6429575820743012,7.747596055869057
620,6.244144144144144,1.6436159370448338,7.750590570269524
621,6.254054054054055,1.644273490911071,7.7535817771811395
622,6.263963963963964,1.6449301553755837,7.756570966247475
623,6.273873873873875,1.645585791686751,7.759560140597635
624,6.283783783783784,1.6462414772611078,7.76253409924077
625,6.293693693693694,1.646898344774225,7.765476860309032
626,6.303603603603604,1.6475543443715763,7.768417461182454
627,6.313513513513514,1.648209535877967,7.77135509524793
628,6.3234234234234235,1.6488640196524647,7.774288382435658
629,6.333333333333334,1.6495156081220148,7.777248304418806
630,6.3432432432432435,1.650165049591648,7.7802243147060475
631,6.353153153153153,1.6507998997015296,7.783392471563017
632,6.363063063063064,1.6514470703257924,7.78637215598574
633,6.372972972972973,1.6520934738665425,7.789348526434241
634,6.382882882882884,1.6527537926071505,7.792113953363935
635,6.392792792792793,1.6534014703925068,7.7950440917957655
636,6.402702702702703,1.654048293363631,7.7979722730876135
637,6.412612612612613,1.6546937157407735,7.800906254279911
638,6.422522522522523,1.6553382508514574,7.80383881283292
639,6.4324324324324325,1.6559805473652403,7.80678909806817
640,6.442342342342343,1.6566057249383441,7.809967600562517
641,6.4522522522522525,1.6572445716989055,7.812938918042911
642,6.462162162162162,1.6578825165934552,7.815909168282391
643,6.472072072072073,1.658521165150953,7.818855681181636
644,6.481981981981982,1.6591603216760067,7.82178126185886
645,6.491891891891893,1.6598163849735097,7.82445402882313
646,6.501801801801802,1.6604975644322055,7.826757972770912
647,6.511711711711712,1.6611379957203183,7.829624520047198
648,6.521621621621622,1.661777697657827,7.832487782321643
649,6.531531531531532,1.662416619004853,7.835348520245398
650,6.5414414414414415,1.6629936909112066,7.83907031095457
651,6.551351351351352,1.6636278456524087,7.8419714203100295
652,6.5612612612612615,1.664261633054021,7.8448642676323015
653,6.571171171171171,1.664895720639872,7.847739449213764
654,6.581081081081082,1.665529146949127,7.850610596838501
655,6.590990990990991,1.666179676684979,7.853226548606905
656,6.600900900900902,1.6668143186401077,7.856053848394764
657,6.610810810810811,1.667448195831304,7.858878684188137
658,6.620720720720721,1.6680811779687768,7.861702932924306
659,6.630630630630631,1.6687128350547733,7.864532708758015
660,6.640540540540541,1.66934200428951,7.8673844860562205
661,6.6504504504504505,1.6699505372555496,7.870514894248308
662,6.660360360360361,1.6705761040168547,7.873391357009805
663,6.6702702702702705,1.6712008672749836,7.87626610816635
664,6.680180180180181,1.6718249154166231,7.879137931973497
665,6.690090090090091,1.6724477476549302,7.88201394266445
666,6.7,1.6730900530423423,7.884601668937142
667,6.709909909909911,1.6737141200695147,7.887434318223103
668,6.71981981981982,1.674337435658541,7.890264688765691
669,6.72972972972973,1.6749600970555898,7.893091439016326
670,6.73963963963964,1.6755819471383742,7.89591682337916
671,6.74954954954955,1.6762024177936636,7.898748906126064
672,6.7594594594594595,1.6768003489458987,7.901886861491433
673,6.76936936936937,1.6774168960734306,7.904748901426174
674,6.7792792792792795,1.6780328812756748,7.907606180161149
675,6.78918918918919,1.6786481490822507,7.910460928123245
676,6.7990990990991,1.679262567642111,7.913315041649766
677,6.809009009009009,1.6798775793611869,7.916148161584883
678,6.81891891891892,1.6805128874496973,7.918681785656515
679,6.828828828828829,1.6811259454384293,7.921517407848994
680,6.838738738738739,1.6817379661467773,7.924355181648691
681,6.848648648648649,1.6823490243531856,7.927194081610664
682,6.858558558558559,1.6829594161541699,7.930029953672002
683,6.8684684684684685,1.6835453499583932,7.933199151857505
684,6.878378378378379,1.6841513100117864,7.936072869021327
685,6.8882882882882885,1.68475650508395,7.938945045707819
686,6.898198198198199,1.6853608969320582,7.941816253644719
687,6.908108108108109,1.6859644167846184,7.944687496021763
688,6.918018018018018,1.6865692755109027,7.947527549159884
689,6.927927927927929,1.68719855121685,7.950010205705827
690,6.937837837837838,1.6878053264535378,7.952798737267447
691,6.947747747747748,1.6884113547833084,7.955585657876191
692,6.957657657657658,1.689016631596327,7.958371063016803
693,6.967567567567568,1.68962085242288,7.961159286693118
694,6.9774774774774775,1.6902242292441412,7.9639473624775645
695,6.987387387387388,1.6908008458699226,7.9671016625597195
696,6.9972972972972975,1.6913999669208144,7.969925828077655
697,7.007207207207208,1.6919983704756663,7.972748146859817
698,7.017117117117118,1.6925965010885755,7.9755623643068025
699,7.027027027027027,1.6931943608084554,7.978368481004962
700,7.036936936936938,1.6937922414143085,7.981162401806491
701,7.046846846846847,1.6944154140884673,7.983586934320626
702,7.056756756756757,1.6950139628753695,7.986347699266083
703,7.066666666666667,1.6956117179811354,7.9891078707968415
704,7.076576576576577,1.696208645807925,7.99186795273547
705,7.0864864864864865,1.6968049883409067,7.99462455349232
706,7.096396396396397,1.6974006826049113,7.997378591959332
707,7.1063063063063066,1.69796789444572,8.000523532662399
708,7.116216216216217,1.6985590589440283,8.003318232866066
709,7.126126126126127,1.699148456749903,8.00612626563934
710,7.136036036036036,1.6997372041751175,8.008931879733188
711,7.145945945945947,1.7003250736706585,8.011738319913762
712,7.155855855855856,1.70091243413195,8.01454039972591
713,7.165765765765766,1.7015015504619242,8.01730613106481
714,7.175675675675676,1.7020898978489212,8.020071231789633
715,7.185585585585586,1.702677648873377,8.022833290131986
716,7.195495495495496,1.7032646347752836,8.0255947193016
717,7.205405405405406,1.703850970255059,8.028353925497576
718,7.215315315315316,1.7044369130018469,8.031107293579925
719,7.225225225225226,1.7050205451981597,8.033881960535513
720,7.235135135135136,1.7056025964796333,8.036667639875816
721,7.245045045045045,1.7061839696957681,8.039451596424282
722,7.254954954954956,1.7067640366619077,8.042242737232304
723,7.264864864864865,1.7073430271554457,8.04503784131899
724,7.274774774774775,1.707921302680748,8.047831825409125
725,7.284684684684685,1.7085002626469752,8.050604933844077
726,7.294594594594595,1.7090796795083674,8.05336040962829
727,7.304504504504505,1.7096585846672356,8.056111971597074
728,7.314414414414415,1.7102381471384938,8.05884312056367
729,7.324324324324325,1.7108170975548442,8.061571827079492
730,7.334234234234235,1.711395401270293,8.064298607169228
731,7.344144144144145,1.711973303814655,8.067020016094897
732,7.354054054054054,1.7125481082140257,8.069774205392378
733,7.363963963963965,1.7131217340147489,8.072534065838903
734,7.373873873873874,1.7136946034401939,8.075293654659465
735,7.383783783783784,1.7142668002347436,8.078051813809918
736,7.393693693693694,1.7148383474590903,8.080808242993525
737,7.403603603603604,1.715409355934541,8.083561401140807
738,7.413513513513514,1.715981075796015,8.086293640505408
739,7.423423423423424,1.7165544590920525,8.088991527077107
740,7.433333333333334,1.7171587872358065,8.091241150600219
741,7.443243243243244,1.7177321503731646,8.093917725747529
742,7.453153153153154,1.718304848671235,8.096592938503639
743,7.463063063063063,1.718876865082263,8.09926705486742
744,7.472972972972974,1.7194481985305263,8.101940114966778
745,7.482882882882883,1.7200180112978867,8.104623985458066
746,7.492792792792793,1.7205533555714538,8.107784454386254
747,7.502702702702703,1.7211198776637098,8.110493546449609
748,7.512612612612613,1.7216858159754902,8.113200279186051
749,7.522522522522523,1.722251196409198,8.115904310899747
750,7.532432432432433,1.7228160019254553,8.118605906876507
751,7.542342342342343,1.7233807912274834,8.121297192887637
752,7.552252252252253,1.7239469992924614,8.12395790640222
753,7.562162162162163,1.7245453679689897,8.126153484247263
754,7.572072072072072,1.7251105354278127,8.12880795168898
755,7.581981981981983,1.7256750464596067,8.131461256135434
756,7.591891891891892,1.7262388727857112,8.134113821207047
757,7.601801801801802,1.726801712111724,8.136769943962676
758,7.611711711711712,1.7273638119935333,8.139426148625141
759,7.621621621621622,1.7279243279340946,8.142094396786351
760,7.631531531531532,1.7284489874121496,8.145259217311638
761,7.641441441441442,1.7290074078221733,8.147936467081331
762,7.651351351351352,1.7295651439023458,8.15061311400546
763,7.661261261261262,1.7301222039825082,8.153289063638567
764,7.671171171171172,1.730678609008089,8.155964043095505
765,7.681081081081081,1.7312343395339629,8.158638350438551
766,7.690990990990992,1.7317895621531953,8.161309653460505
767,7.700900900900901,1.7323435057310526,8.163988877442714
768,7.710810810810811,1.7328969162909396,8.166665498106775
769,7.720720720720721,1.733449621786489,8.169341970686864
770,7.730630630630631,1.7340019601979293,8.172013539452207
771,7.740540540540541,1.7345536732191251,8.174683879046633
772,7.750450450450451,1.7351047025757644,8.177353835978154
773,7.760360360360361,1.7356531366922776,8.180050460212717
774,7.770270270270271,1.736200464507247,8.182752723102068
775,7.780180180180181,1.7367472899259002,8.1854521085387
776,7.79009009009009,1.7372936634662925,8.188147924445257
777,7.800000000000001,1.7378395822215642,8.190840234038218
778,7.80990990990991,1.7383852746735509,8.193525828648564
779,7.819819819819821,1.738930929576032,8.196202061115638
780,7.82972972972973,1.7394778864548415,8.198850011927526
781,7.83963963963964,1.7400244990287468,8.201492981155786
782,7.84954954954955,1.7405704877729602,8.204134943117003
783,7.85945945945946,1.7411156992450332,8.206778089312873
784,7.86936936936937,1.7416600749110374,8.209423269180347
785,7.87927927927928,1.742203748880583,8.212068607982692
786,7.88918918918919,1.742746826583164,8.214712636403076
787,7.899099099099099,1.7432890050831105,8.217359659734184
788,7.90900900900901,1.7438132189423565,8.220251031711122
789,7.918918918918919,1.7443519375363443,8.222927609499878
790,7.92882882882883,1.7448889688902463,8.225618392215532
791,7.938738738738739,1.7454255341575684,8.228306131582386
792,7.948648648648649,1.7459619364967949,8.23098656106425
793,7.958558558558559,1.746497772599199,8.233665405416584
794,7.968468468468469,1.747050090716863,8.236101569640685
795,7.978378378378379,1.7475865239294077,8.238752840266677
796,7.988288288288289,1.7481221957918294,8.24140534706833
797,7.998198198198199,1.748657245225489,8.244057146061005
798,8.00810810810811,1.7491938322065659,8.246677707856996
799,8.018018018018019,1.749772022757575,8.248700393511685
800,8.027927927927928,1.7503080633924375,8.251309755493079
801,8.03783783783784,1.7508435137571232,8.253918035953149
802,8.04774774774775,1.7513781466034153,8.256528469218235
803,8.057657657657659,1.7519102117487488,8.259165828717206
804,8.067567567567568,1.7523815788362407,8.262652352606159
805,8.077477477477478,1.7529121319436132,8.265292395590778
806,8.087387387387388,1.7534422152905065,8.26792975476125
807,8.097297297297299,1.7539713237858736,8.27057159512218
808,8.107207207207209,1.7544998100862808,8.273212948187897
809,8.117117117117118,1.7550456541265351,8.275599485345316
810,8.127027027027028,1.755575623033762,8.278201342331826
811,8.136936936936937,1.7561492545304669,8.280176335655565
812,8.146846846846847,1.7566780632800802,8.282776154957041
813,8.156756756756756,1.7572062259756895,8.285375922050871
814,8.166666666666668,1.7577333936924384,8.2879805922588
815,8.176576576576577,1.7582602313156406,8.29058078011407
816,8.186486486486487,1.7587864828366284,8.293180126388727
817,8.196396396396397,1.7593122662411922,8.29577698144947
818,8.206306306306306,1.7598365688290967,8.298385690496662
819,8.216216216216218,1.7602933880956417,8.301940051442351
820,8.226126126126127,1.760814495052332,8.30457585860523
821,8.236036036036037,1.7613360716324915,8.307195984515484
822,8.245945945945946,1.7618574089723766,8.309810477491155
823,8.255855855855856,1.7623780142520529,8.31242632959802
824,8.265765765765765,1.762897800765953,8.315044786833484
825,8.275675675675677,1.7634372506690472,8.31737604501189
826,8.285585585585586,1.7639582208366282,8.319959843884616
827,8.295495495495496,1.764526563190634,8.321864431266347
828,8.305405405405406,1.7650467791716746,8.32444106049922
829,8.315315315315315,1.7655190247141064,8.327687573519434
830,8.325225225225227,1.7660377916957475,8.33026695931351
831,8.335135135135136,1.7665554681565376,8.332852926006138
832,8.345045045045046,1.7670725788751918,8.335438066175534
833,8.354954954954955,1.7675890811250201,8.338023002891166
834,8.364864864864865,1.7681039668041794,8.340622020996506
835,8.374774774774774,1.7685968098716771,8.343524218433567
836,8.384684684684686,1.7691085099561652,8.346150791527814
837,8.394594594594595,1.7696195591808463,8.348777836392111
838,8.404504504504505,1.7701299566766417,8.351405383586807
839,8.414414414414415,1.770639799456944,8.354032078165377
840,8.424324324324324,1.7711493578534874,8.356654111723543
841,8.434234234234236,1.7716803296885264,8.358964376959186
842,8.444144144144145,1.7721915142912026,8.361546064696629
843,8.454054054054055,1.7727018912769588,8.364130549342468
844,8.463963963963964,1.773211699617659,8.36671446622621
845,8.473873873873874,1.773720865641848,8.369298875956817
846,8.483783783783784,1.7742296479871584,8.371880135078237
847,8.493693693693695,1.77473824311478,8.374455479940055
848,8.503603603603604,1.7752466284745247,8.377025247017306
849,8.513513513513514,1.7757541868433337,8.379598191353892
850,8.523423423423424,1.776261147491552,8.382171084880675
851,8.533333333333333,1.7767440246659447,8.38507644870817
852,8.543243243243245,1.777247633561729,8.387679830202211
853,8.553153153153154,1.7777508344239321,8.390280528968225
854,8.563063063063064,1.7782535851839545,8.39287915776939
855,8.572972972972973,1.7787555296624873,8.3954807770558
856,8.582882882882883,1.7792568415640282,8.398082944641143
857,8.592792792792794,1.7797576586761603,8.400683726612728
858,8.602702702702704,1.7802819097497202,8.402944299194088
859,8.612612612612613,1.7807844224083649,8.405504328845039
860,8.622522522522523,1.7812865914831544,8.40806088057003
861,8.632432432432433,1.781788170012046,8.410617468275584
862,8.642342342342342,1.7822891044441536,8.413174867179086
863,8.652252252252254,1.782789422306808,8.415732704319469
864,8.662162162162163,1.7832891363187922,8.418290816369142
865,8.672072072072073,1.7837887960973253,8.420841436222252
866,8.681981981981982,1.78428998070844,8.423362216390988
867,8.691891891891892,1.7847907191844847,8.425881086178283
868,8.701801801801803,1.7852886153395395,8.428431999436787
869,8.711711711711713,1.7857619445179107,8.431322680799013
870,8.721621621621622,1.7862570064176062,8.433897373667826
871,8.731531531531532,1.7867515884586909,8.43647070210958
872,8.741441441441442,1.787245708568587,8.439042428440938
873,8.751351351351351,1.7877392773788006,8.44161383483826
874,8.761261261261263,1.7882322502180008,8.44418557038276
875,8.771171171171172,1.7887263122870563,8.44673377769716
876,8.781081081081082,1.7892444087244521,8.448933417312395
877,8.790990990990991,1.7897374117112896,8.451480470068603
878,8.800900900900901,1.7902298451834449,8.454027540343452
879,8.810810810810812,1.790721786024511,8.456573554924733
880,8.820720720720722,1.7912130968627706,8.459120475941646
881,8.830630630630631,1.7917037559170819,8.461668627990548
882,8.840540540540541,1.7921940057537158,8.464214590259047
883,8.85045045045045,1.7926839114082318,8.466757456920364
884,8.86036036036036,1.7931733734232167,8.46929865274106
885,8.870270270270272,1.7936622202776251,8.471840623708301
886,8.880180180180181,1.7941234997632434,8.474765310414808
887,8.89009009009009,1.7946087685945271,8.477342159735098
888,8.9,1.7950934997020418,8.479918736161334
889,8.90990990990991,1.7955778135293488,8.482493348285113
890,8.919819819819821,1.7960616539319556,8.485066807167073
891,8.929729729729731,1.796545188400419,8.487636754290726
892,8.93963963963964,1.7970282400304785,8.49020571213776
893,8.94954954954955,1.797512635939051,8.49274779809173
894,8.95945945945946,1.7980227953654961,8.494916903137057
895,8.96936936936937,1.798507284226493,8.497442067101419
896,8.97927927927928,1.798991053396947,8.499969657372173
897,8.98918918918919,1.7994743898473897,8.502495621539325
898,8.9990990990991,1.7999571357495625,8.50502221187438
899,9.00900900900901,1.8004392758929513,8.507549659145733
900,9.018918918918919,1.8009208661758285,8.510077186053246
901,9.02882882882883,1.8014021439914463,8.512601442174642
902,9.03873873873874,1.8018829217651267,8.515125101436558
903,9.04864864864865,1.802363328796289,8.517646345565604
904,9.058558558558559,1.80284209135765,8.520183247997808
905,9.068468468468469,1.8032917543891598,8.523125106167313
906,9.078378378378378,1.8037673707727724,8.525691364697815
907,9.08828828828829,1.8042420112947322,8.528263850694767
908,9.0981981981982,1.8047163063115195,8.530833640596818
909,9.108108108108109,1.8051900736660793,8.53340333204556
910,9.118018018018018,1.8056631669796996,8.535975015632703
911,9.127927927927928,1.8061360231547412,8.538542509817086
912,9.13783783783784,1.8066384082361737,8.540683667697195
913,9.147747747747749,1.807113345141831,8.543206572356745
914,9.157657657657658,1.8075878506918805,8.545728081977737
915,9.167567567567568,1.8080618603533782,8.548249126143542
916,9.177477477477478,1.808535588717311,8.550766675416963
917,9.187387387387387,1.809008485166362,8.553288554007183
918,9.197297297297299,1.8094810534078372,8.555807631566315
919,9.207207207207208,1.8099531006864327,8.55832665638112
920,9.217117117117118,1.810424904198662,8.560841710368491
921,9.227027027027027,1.8108678407741314,8.563758879196676
922,9.236936936936937,1.8113389022743738,8.566269656480022
923,9.246846846846848,1.8118078738217307,8.568802698355658
924,9.256756756756758,1.8122751402025994,8.571352561671468
925,9.266666666666667,1.8127420353143413,8.57390033524819
926,9.276576576576577,1.8132086393567572,8.576444894800352
927,9.286486486486487,1.813674432033188,8.578993637175634
928,9.296396396396396,1.8141397169047928,8.581542268929972
929,9.306306306306308,1.8146044337210316,8.584091658983372
930,9.316216216216217,1.8150688520607108,8.586637995336798
931,9.326126126126127,1.8155348243899105,8.589154999741037
932,9.336036036036036,1.8160009748523864,8.59166221059559
933,9.345945945945946,1.8164667566610444,8.594167401522215
934,9.355855855855857,1.8169320782830138,8.596671885201962
935,9.365765765765767,1.8173966431971187,8.599179884223817
936,9.375675675675677,1.8178606351355324,8.601688804413504
937,9.385585585585586,1.8183246526923005,8.604190161887246
938,9.395495495495496,1.8187896313395526,8.606670689116848
939,9.405405405405405,1.8192542443132043,8.60914923318576
940,9.415315315315317,1.8197186026673395,8.611624230651628
941,9.425225225225226,1.8201824331173015,8.614099574534196
942,9.435135135135136,1.8206453851439934,8.616580254906955
943,9.445045045045045,1.8211067309716158,8.619076619020417
944,9.454954954954955,1.8215674006327534,8.621575476160798
945,9.464864864864866,1.822029263011068,8.624050302321809
946,9.474774774774776,1.8224906606396485,8.626524644447374
947,9.484684684684686,1.8229516657237457,8.62899749027836
948,9.494594594594595,1.8234118195632878,8.63147536680854
949,9.504504504504505,1.8238714907755387,8.633953052689595
950,9.514414414414414,1.8243309178108233,8.636427174453468
951,9.524324324324326,1.8247919557821015,8.638871397431272
952,9.534234234234235,1.8252842108230396,8.64086525337033
953,9.544144144144145,1.8257450652593394,8.643298065363402
954,9.554054054054054,1.8262053210880356,8.645732395703895
955,9.563963963963964,1.826664380723639,8.648176744995327
956,9.573873873873875,1.8271230117824666,8.65062022400313
957,9.583783783783785,1.82758155965849,8.653057939397593
958,9.593693693693695,1.8280395164286303,8.655497118194132
959,9.603603603603604,1.8284972763481926,8.657932172829705
960,9.613513513513514,1.82895462334805,8.66036618493664
961,9.623423423423423,1.8294114924615141,8.662800089951345
962,9.633333333333335,1.829867848934252,8.665234394185465
963,9.643243243243244,1.8303239090819394,8.667666037084706
964,9.653153153153154,1.8307780335823536,8.670118321168339
965,9.663063063063063,1.831198216598343,8.673046009890594
966,9.672972972972973,1.8316503338438777,8.675513152619635
967,9.682882882882884,1.8321014026199451,8.677988373653877
968,9.692792792792794,1.832551930206896,8.680464477670764
969,9.702702702702704,1.8330022711523215,8.682936438681173
970,9.712612612612613,1.833452332434773,8.685405590530141
971,9.722522522522523,1.833902372914798,8.687868266252783
972,9.732432432432434,1.8343537326725383,8.690305431351025
973,9.742342342342344,1.8348384975853809,8.692261073957955
974,9.752252252252253,1.835288951372268,8.694697610956592
975,9.762162162162163,1.8357389307079564,8.697134165486784
976,9.772072072072072,1.8361886789854762,8.699567290206755
977,9.781981981981982,1.8366382821722758,8.701995774910719
978,9.791891891891893,1.8370874323981565,8.704424007398305
979,9.801801801801803,1.8375362780166808,8.706849890825731
980,9.811711711711713,1.8379844497676603,8.709278686153231
981,9.821621621621622,1.8384319679016585,8.711710117768657
982,9.831531531531532,1.8388790605400647,8.714140954799124
983,9.841441441441443,1.8393260010680603,8.716567322363199
984,9.851351351351353,1.8397727682356637,8.718989533975197
985,9.861261261261262,1.8402184858273969,8.721420059067611
986,9.871171171171172,1.8406264032211002,8.724381472095743
987,9.881081081081081,1.8410692486067142,8.726839675989911
988,9.890990990990991,1.8415114477728767,8.72930049718276
989,9.900900900900902,1.8419535187639045,8.731756580387573
990,9.910810810810812,1.8423954805698344,8.734207666642577
991,9.920720720720722,1.842837016072559,8.736658277254708
992,9.930630630630631,1.8432780949930885,8.7391088544673
993,9.94054054054054,1.8437196377211416,8.741546318460909
994,9.950450450450452,1.8441978679717776,8.743455442436206
995,9.960360360360362,1.844639694313092,8.74587585170993
996,9.970270270270271,1.8450811661875952,8.748294818787079
997,9.98018018018018,1.845521405852663,8.75072484067344
998,9.99009009009009,1.8459245526052017,8.753676082243052
999,10.0,1.8463639990004515,8.756104498372377
